{
  "kind": "collectionType",
  "collectionName": "projects",
  "info": {
    "singularName": "project",
    "pluralName": "projects",
    "displayName": "project"
  },
  "options": {
    "draftAndPublish": false
  },
  "pluginOptions": {},
  "attributes": {
    "title": {
      "type": "string",
      "required": true,
      "unique": true
    },
    "slug": {
      "type": "uid",
      "required": true
    },
    "project_status": {
      "type": "enumeration",
      "default": "Active",
      "enum": [
        "Active",
        "Completed",
        "OnHold"
      ]
    },
    "description": {
      "type": "text"
    },
    "agency": {
      "type": "string"
    },
    "users_permissions_user": {
      "type": "relation",
      "relation": "manyToOne",
      "target": "plugin::users-permissions.user",
      "inversedBy": "projects"
    },
    "reports": {
      "type": "relation",
      "relation": "oneToMany",
      "target": "api::report.report",
      "mappedBy": "project"
    }
  }
}
