{
  "kind": "collectionType",
  "collectionName": "reports",
  "info": {
    "singularName": "report",
    "pluralName": "reports",
    "displayName": "Report"
  },
  "options": {
    "draftAndPublish": false
  },
  "pluginOptions": {},
  "attributes": {
    "report_month": {
      "type": "date",
      "required": true
    },
    "summary": {
      "type": "text"
    },
    "locked": {
      "type": "boolean",
      "default": false
    },
    "public_slug": {
      "type": "uid"
    },
    "financial_status": {
      "type": "relation",
      "relation": "oneToOne",
      "target": "api::financial-status.financial-status",
      "mappedBy": "report"
    },
    "issues": {
      "type": "relation",
      "relation": "oneToMany",
      "target": "api::issue.issue",
      "mappedBy": "report"
    },
    "project": {
      "type": "relation",
      "relation": "manyToOne",
      "target": "api::project.project",
      "inversedBy": "reports"
    },
    "schedule_status": {
      "type": "relation",
      "relation": "oneToOne",
      "target": "api::schedule-status.schedule-status",
      "mappedBy": "report"
    },
    "vendor": {
      "type": "relation",
      "relation": "manyToOne",
      "target": "plugin::users-permissions.user",
      "inversedBy": "reports"
    },
    "scope_status": {
      "type": "relation",
      "relation": "oneToOne",
      "target": "api::scope-status.scope-status",
      "mappedBy": "report"
    },
    "report_status": {
      "type": "enumeration",
      "default": "Draft",
      "enum": [
        "Draft",
        "Submitted",
        "Approved"
      ]
    }
  }
}
