{
  "kind": "collectionType",
  "collectionName": "financial_statuses",
  "info": {
    "singularName": "financial-status",
    "pluralName": "financial-statuses",
    "displayName": "Financial_status"
  },
  "options": {
    "draftAndPublish": false
  },
  "pluginOptions": {},
  "attributes": {
    "original_award_amount": {
      "type": "decimal",
      "required": true,
      "min": 0
    },
    "total_paid_to_date": {
      "type": "decimal",
      "required": true,
      "min": 0
    },
    "flag_over_budget": {
      "type": "boolean",
      "default": false
    },
    "notes": {
      "type": "text"
    },
    "report": {
      "type": "relation",
      "relation": "oneToOne",
      "target": "api::report.report",
      "inversedBy": "financial_status"
    }
  }
}
