{
  "kind": "collectionType",
  "collectionName": "issues",
  "info": {
    "singularName": "issue",
    "pluralName": "issues",
    "displayName": "Issue"
  },
  "options": {
    "draftAndPublish": false
  },
  "pluginOptions": {},
  "attributes": {
    "title": {
      "type": "string",
      "required": true
    },
    "description": {
      "type": "text",
      "required": true
    },
    "impact": {
      "type": "enumeration",
      "required": true,
      "enum": [
        "High",
        "Medium",
        "Low"
      ]
    },
    "likelihood": {
      "type": "enumeration",
      "required": true,
      "enum": [
        "High",
        "Medium",
        "Low"
      ]
    },
    "risk_rating": {
      "type": "integer",
      "min": 2,
      "max": 6
    },
    "date_first_raised": {
      "type": "date"
    },
    "issue_status": {
      "type": "enumeration",
      "default": "Open",
      "enum": [
        "Open",
        "Closed"
      ]
    },
    "Recommendation": {
      "type": "text"
    },
    "age_days": {
      "type": "integer"
    },
    "tags": {
      "type": "relation",
      "relation": "manyToMany",
      "target": "api::tag.tag",
      "inversedBy": "issues"
    },
    "report": {
      "type": "relation",
      "relation": "manyToOne",
      "target": "api::report.report",
      "inversedBy": "issues"
    }
  }
}
