{
  "kind": "collectionType",
  "collectionName": "schedule_statuses",
  "info": {
    "singularName": "schedule-status",
    "pluralName": "schedule-statuses",
    "displayName": "Schedule_status"
  },
  "options": {
    "draftAndPublish": false
  },
  "pluginOptions": {},
  "attributes": {
    "baseline_start": {
      "type": "date"
    },
    "baseline_end": {
      "type": "date"
    },
    "current_start": {
      "type": "date"
    },
    "current_end": {
      "type": "date"
    },
    "variance_days": {
      "type": "integer"
    },
    "schedule_notes": {
      "type": "text"
    },
    "report": {
      "type": "relation",
      "relation": "oneToOne",
      "target": "api::report.report",
      "inversedBy": "schedule_status"
    },
    "deliverables_completed": {
      "type": "integer"
    },
    "deliverables_commited": {
      "type": "integer"
    },
    "percent_complete": {
      "type": "integer"
    },
    "scope_notes": {
      "type": "text"
    }
  }
}
