{
  "kind": "collectionType",
  "collectionName": "scope_statuses",
  "info": {
    "singularName": "scope-status",
    "pluralName": "scope-statuses",
    "displayName": "Scope_status"
  },
  "options": {
    "draftAndPublish": false
  },
  "pluginOptions": {},
  "attributes": {
    "deliverables_completed": {
      "type": "integer"
    },
    "deliverables_commited": {
      "type": "integer"
    },
    "percent_complete": {
      "type": "integer"
    },
    "notes": {
      "type": "text"
    },
    "report": {
      "type": "relation",
      "relation": "oneToOne",
      "target": "api::report.report",
      "inversedBy": "scope_status"
    }
  }
}
